"meet_pa","bp_control","Weighted_Count"
"0","0",52698556.541483
"1","0",31435749.698267
"0","1",89133893.561944
"1","1",53573981.165863
